branch	tip	date	merge	added_files_main_lacks
held/archive-npm-pty	b50daa17329bfd4e06a6f9e2d6d959e8bfb129e5	2026-09-23	merged	0
task/E1-explore-spec-backfill-m6-m8-	da7657a13c244d8d9c50e1ae41b6c39978d3a455	2026-09-15	merged	3
task/E2-explore-scope-and-split-for-	834810c2137da77049ef4697b54c4c6771cada7a	2026-09-15	merged	3
task/E3-explore-human-draft-entry-de	82b05742d17bf6bc595559795438a1e38bb4fadb	2026-09-15	merged	3
task/E4-explore-pulse-tui-d19	a29e40bf55817a6acda5f57a689238c57c9ab3a7	2026-09-15	merged	3
task/E6-explore-pulse-pi-api	a18edb6620ac3e55b174610404a96ae730feec95	2026-09-16	merged	1
task/E7-explore-teamsmith-skill-skil	4823eb6b015e85c0a1127c1d29acbdd99756d420	2026-09-17	merged	1
task/E8-explore-harness-pi	4823eb6b015e85c0a1127c1d29acbdd99756d420	2026-09-17	merged	1
task/M10-apply-drop-spec-lint-validat	6026fab282eff51d61a225c8ed28778924eaca7f	2026-09-16	REVIEW	2
task/M11-bootstrap-pm-pm-doctor	8c21ddae986e2eee3633aa969b502bd37294f114	2026-09-16	REVIEW	1
task/M12-smoke-pm-v9-e1	1de9edacec3385ade49bb5fee26fad875cdf4ac0	2026-09-16	REVIEW	1
task/M14-k3-256k	f868975e2dcd03831c2e7ff0a5148f5f4c5b52b2	2026-09-17	REVIEW	1
task/M16-pm-cli	19e1279d5660033b452150d8950b9b5d5db916a6	2026-09-17	REVIEW	1
task/M17-m17	a67bfa364e08521d7aaf8519c55e8532749d8c88	2026-09-17	REVIEW	1
task/M18-cmd-status-sh-463-team-watch	9c20378882845e7ffd4a34f192c05377573395dd	2026-09-17	REVIEW	1
task/M19-pm-pulse-skill-md-agents	bcd5fd4907243563a0dc67ae8e078e43293296e6	2026-09-17	REVIEW	1
task/M2.5-memory-manual	4841ab535a7ff11053667e2c1d02b8fb179b8f96	2026-09-14	REVIEW	2
task/M20-27-d-26-m	9fcd23dc42c28971977c885b4884dd23fc5552ee	2026-09-17	REVIEW	1
task/M21-f-v16-4-5-f-v16-6	a8f7060768074859a9fd6e4352f8da62a6a2feed	2026-09-17	REVIEW	1
task/M22-skills-pi-team	9063c61229a97e7d99befb29d87890d94d28b4f5	2026-09-18	nothing-main-lacks	0
task/M23-smoke-tmux-socket	951f3994e9de783bd79db0eebe8ff455a5131b00	2026-09-17	REVIEW	1
task/M24-pm-draft-race	1fcc51282c7701a7828aeba3c651374f67580dc1	2026-09-18	REVIEW	1
task/M25-team-review-review-6i	7333920036080a8b5911bce25225459e7a8faa87	2026-09-18	REVIEW	1
task/M26-doctor-init-harness-e8-p1	8b5c62db71289a22c196214f92f2eeab970bb533	2026-09-18	REVIEW	1
task/M27-team-bg-ts-e8-p2	60b913220414dd11ebc8d790d7b62c7f0ceb6292	2026-09-18	REVIEW	1
task/M28-tmux-podman-tmux-lint	1a9e5da203fb5027a2260768ac09293e101ec3cb	2026-09-18	nothing-main-lacks	0
task/M29-init-doctor-ux	d1e6c76ba91949c1c6d7174c2ef8c30ddd068e50	2026-09-18	REVIEW	1
task/M3.0-agent-adapter-layer-any-tui-	57579a874dd79cd9198462f4820fa516bb1a7164	2026-09-14	REVIEW	2
task/M3.2-adapter-hardening	bd744c4846b896c00514632aefd694cde9fa0bba	2026-09-14	REVIEW	2
task/M3.3-monitor-hardening	05aba40a22bc9e5de34f408c9e063a2835d24d58	2026-09-14	REVIEW	2
task/M3.4-flip-stale-expectations	e3a8cd5568141e7fb81d2252476e719ab54abddb	2026-09-14	merged	2
task/M30-draft-race-chars-payload	6779236c23ba9a5494e49e7da755d668cf561131	2026-09-18	REVIEW	1
task/M31-procps-digest	92b69bdda83bf9ed7c721013dbd2f3f62d728e34	2026-09-18	nothing-main-lacks	0
task/M32-smoke-tty-detach-stdin-pm-tm	5bc2764531f78db158054b4efffdd4da9fc35235	2026-09-18	nothing-main-lacks	0
task/M33-smoke-tmp-enoent-bg6-50	edd13cb72c4bd6e48e4c13d2040254c7dd4246c6	2026-09-18	nothing-main-lacks	0
task/M34-work	92e27bd33d93ceb1bf6cbf674ff9e7c1b7e9498e	2026-09-19	nothing-main-lacks	0
task/M35-smoke-attempts-state-idle-m2	8d1a598c8acdd55122bb436ab72391ed0ce97cbd	2026-09-19	nothing-main-lacks	0
task/M36-tmux-path-server-kill-server	a6265360697a77642b20b1b79ed184d9acd06689	2026-09-19	nothing-main-lacks	0
task/M37-worker-pane-pane-current-com	f9e81257cc799f0f5ca807ecc86c68bf1443ee25	2026-09-19	nothing-main-lacks	0
task/M38-public-release-prep	33f17781210517b15d35743832b8966c4d53a083	2026-09-19	nothing-main-lacks	0
task/M39-6k④	0d27a58a4d5467b2dfa9c1aadb07a2708d887a2e	2026-09-19	nothing-main-lacks	0
task/M4.1-references-english	47ce2e5d2d119b2c46375cd82128657895125b84	2026-09-14	REVIEW	2
task/M4.3-make-the-two-stuck-worker-pa	251b98d1c85632756802e0a69578ca6354b62c8e	2026-09-14	REVIEW	3
task/M40-team-cwd	9b8c787fc847e62d5d760880e2e77d5c7d434cb9	2026-09-19	nothing-main-lacks	0
task/M41-shim-socket-tmux-tmux-tmpdir	706ac1005ef99d128575ad639d8f140a4f4cc601	2026-09-19	nothing-main-lacks	0
task/M43-inbox-42	e0ae5dd98af70b7d9c71cc1b1861e76a77bce5f2	2026-09-19	nothing-main-lacks	0
task/M44-m44	bd60928db4801adcf8aee29cbd133bd7637ff424	2026-09-19	nothing-main-lacks	0
task/M45-pi-busy	16574c8f5d4b86d3a74fb3eab26bd3acab3ddad2	2026-09-20	nothing-main-lacks	0
task/M46-skip-setup	21a7dbfeb4f82994761a9c37068fd232158f9a30	2026-09-20	nothing-main-lacks	0
task/M47-ci-48	3c8a0636987ed72f7175134130cd0cc740ec4894	2026-09-20	nothing-main-lacks	0
task/M48-id-board-add	e0b5fa72fbc9d1d8196c98ba4801c8c6880076be	2026-09-20	nothing-main-lacks	0
task/M49-key-i18n	96a3487f6f0c61e3fd9f17ac7f71045a112a89e8	2026-09-20	nothing-main-lacks	0
task/M5.1-required-deps	660652b72a53b77cc4c683a232419e4cb25db2bd	2026-09-14	REVIEW	2
task/M5.2-openspec-adoption	83ff9555aeaf6eb7a9b0d68c58ce24a26a10ed68	2026-09-14	REVIEW	2
task/M5.3-spec-falsifiability-lint-ope	13ead818355ad7addf5489bbd5d9eb46e1307fd9	2026-09-14	REVIEW	3
task/M50-digest-89s	94fa06f67c84b7fd5e44a4a7bebbb1e21f1dfc05	2026-09-20	merged	0
task/M50a-m50	94fa06f67c84b7fd5e44a4a7bebbb1e21f1dfc05	2026-09-20	merged	0
task/M50b-m50-main	aecde5a447122715e2918270c1f45344ffe37475	2026-09-21	merged	0
task/M51-usr-bin-time-35e	488cea53018d55e39e71c5d1a14a41f20e6fe462	2026-09-20	nothing-main-lacks	0
task/M52-inotify-propose	85e6612ccff0f2503dc7cd73c831b5f595ace2dd	2026-09-21	nothing-main-lacks	0
task/M53-blocked-report	3b86df5c8e07d062bb10e303c7a58e1a72e5f88e	2026-09-21	merged	0
task/M53-watch-degradation-apply-doct	6d152911e1f17baeaca9dfa5ab6276259de0e111	2026-09-21	nothing-main-lacks	0
task/M54-schema-bool-enum-model	04b6a09d2cf093e5b9f716f3a5f43eddb48ffb13	2026-09-21	REVIEW	1
task/M55-apply-choices-suggest	5cb8b836d7e61715e0ee06cffa2d321d71d977d9	2026-09-21	REVIEW	1
task/M56-watch-degradation	b27aa742e34c85887297801e0bdb41bcd7143caf	2026-09-21	merged	1
task/M57-m57	8ac4bace57f0ad62ed3342b55929a55d555b7e70	2026-09-21	merged	1
task/M57-perf-suite-split	972df18292d17476352de6bb296393f0aa1e0a1c	2026-09-21	REVIEW	1
task/M58-perf-suite-split-apply	8a2eb66223d673f5baee462462397d0bc86687a7	2026-09-21	REVIEW	1
task/M59-pty	7804462d580c860835db994f51079eab509fe2a6	2026-09-21	REVIEW	2
task/M6.1-state-honesty	812e5270f37267fa01ed26cca8906b02a250115f	2026-09-14	REVIEW	2
task/M6.2-review-evidence	6a83321296dba51867e4981da497a05d710368f9	2026-09-14	REVIEW	2
task/M6.3-dispatch-notify-boundary	0de6c859341447c64c7bdbcd572ad4088bf145ae	2026-09-14	REVIEW	2
task/M6.4-digest-version-meeting-upstr	52e3dd347786714da90c49833bea7c1322919075	2026-09-14	REVIEW	2
task/M6.5-pm-liveness	3b50ceb4f5f8ad52ee2476dbad139baa177dced6	2026-09-14	REVIEW	2
task/M60-settings-choice-editors	d9cbdc88f91459a27c678516d80fea29a49e7c8b	2026-09-21	merged	1
task/M61-2026-09	5ce7674209fe18795e9b668d3a8f30689720a9fb	2026-09-21	REVIEW	2
task/M62-spec-backfill-apply	b5023c37ccc5caedb694607d77a6f2d04d41dc49	2026-09-21	REVIEW	2
task/M63-argv-2	8e6478365b4b13cc51a69961c291e2635216ef37	2026-09-21	REVIEW	2
task/M64-perf-suite-split-ci	b43bdce710b44e572434c05bad73f872e05dc884	2026-09-21	merged	2
task/M65-m65	a4f99975d35382af4ae17f1320d9c8c05408b3cc	2026-09-21	REVIEW	1
task/M66-perf-sh-in-container-m64-f2	b73a9424105894f15149d7866d9fe03a0532290f	2026-09-21	REVIEW	2
task/M67-apply-argv-token	eaa512dfcab293cc0f8b40d643081f7bd1bc2ee6	2026-09-21	REVIEW	1
task/M68-settings-choice-editors-appl	dda6f2d5b1467aed2a12865e46278ece7f6584cb	2026-09-21	REVIEW	1
task/M69-perf-sh-in-container-f2	3304045bdc236d98557447283165b3738a6f8917	2026-09-21	REVIEW	1
task/M7.1-migration-and-upgrade-guide-	78e40859384e2a9f9d29e4dd2dc37a580da51adb	2026-09-14	REVIEW	3
task/M7.2-watchdog-single-tick-jitter-	7ce17da938d5fcf5050da4bd2c802e2081e83b65	2026-09-14	REVIEW	3
task/M7.3-english-only-invariant-as-a-	1736b795c65039c25559f76cf85795d3a3948420	2026-09-14	REVIEW	3
task/M7.5-dispatch-startup-verificatio	d5e9fece70098801446e8e1bcfa2cd6f5256c0ce	2026-09-14	REVIEW	3
task/M70-spec-backfill-boundary-m67	a69d202cf215a501bbca0205bac614b07cf59982	2026-09-21	merged	1
task/M71-delta-boundary-tmux-gate-gra	5610d152659e346a2ed13cb3a66e4919c9b7f6b9	2026-09-21	nothing-main-lacks	0
task/M73-perf-sh-m64-f2	a1e1bc48f2093687ab8d0f00854ae23c6d2a1c26	2026-09-21	nothing-main-lacks	0
task/M74-settings-choice-editors-argv	60076b48a48d52d46e074c74bb69e79709d103c7	2026-09-22	merged	0
task/M75-tmux-token	51a751773386498d8fcdbfba34b3d5c51a19e0b4	2026-09-22	merged	0
task/M8.1-pm-side-adapts-too-any-tui-a	b85b52e9cdfb80e740687d1f10f2929541f19267	2026-09-14	REVIEW	3
task/M8.2-worker-side-bare-name-resolu	d9544702a82f6e672484104e5afc4a7f640650f2	2026-09-15	REVIEW	3
task/M9.1-openspec-guidance-process-ma	83a18e9c5c79e81aeb61564c743ae677de5611ed	2026-09-15	REVIEW	3
task/M9.2-done-evidence-must-understan	ef202d1f2413e744c8a78a45999108ded4e5188d	2026-09-15	REVIEW	3
task/M9.3-dispatch-must-not-stack-a-se	2e9b40d15406889c205bc9dc9642e9b56ae5e239	2026-09-15	REVIEW	3
task/M9.4-pending-verification-must-no	95ed4ba543a3221e86019ca28bd39adfed0e0551	2026-09-15	REVIEW	3
task/M9.5-verify-task-record-binds-the	e48f527782f1f49001b15b8c6722d809eca502be	2026-09-15	REVIEW	3
task/M9.6-done-evidence-requires-a-com	a322325d63eb2fd215499437b721c626e4807842	2026-09-15	REVIEW	3
task/M9.7-kill-the-two-smoke-timing-fl	4e9e11d8202c44c63cfc26e11cd89820f012c681	2026-09-15	REVIEW	3
task/M9.8-watchdog-digest	6e7f376ea67daa8f6792468eda35f541655e769c	2026-09-15	REVIEW	3
task/P1-propose-spec-delta-gate-c0-g	a77d9a03add21d9520ea5d0eafc67c025c4f9b9e	2026-09-15	REVIEW	7
task/P10-apply-pulse-tui-panel-ink	3a5692384cb767489b2e391ddb4ef4350f8d9473	2026-09-16	REVIEW	1
task/P100-infra-p66-p94	219f58c56656f13aa2a31570ae6bd4d52588d9f1	2026-09-28	merged	0
task/P101-propose	487e69d8e3bc08e498d65bc1679bf71cb8a42719	2026-09-28	merged	0
task/P102-id-model-propose	b0a9036d44e2b77a7721bd5b9422f838d87ed70f	2026-09-28	merged	0
task/P102-model-id	df54adf8dac5c7f272f3dc02ae52441dd2d833e7	2026-09-28	merged	0
task/P103-apply	646da25a480634ac0e6b09c30f2360fa70072116	2026-10-03	nothing-main-lacks	0
task/P104-p104	fdfe0b46c4ff24ee0b1d2af5bd409042b5f33cd7	2026-09-28	merged	0
task/P105-p105	df54adf8dac5c7f272f3dc02ae52441dd2d833e7	2026-09-28	merged	0
task/P106-team-tmp-keep-infra-apply	5e84b37f628c1b43bbc1d2b0a518688bf5d29227	2026-09-28	merged	0
task/P107-p107	df54adf8dac5c7f272f3dc02ae52441dd2d833e7	2026-09-28	merged	0
task/P108-p108	df54adf8dac5c7f272f3dc02ae52441dd2d833e7	2026-09-28	merged	0
task/P109-nudge-fix	df54adf8dac5c7f272f3dc02ae52441dd2d833e7	2026-09-28	merged	0
task/P109-wip-pm	ea09c5432c643227d33918333208840ee94633a6	2026-09-28	merged	0
task/P11-propose-pulse-console-e6	6c529061d1f98036c08c85592b75c72707cf3c8b	2026-09-16	REVIEW	1
task/P110-f2-f1	ffe9346e3574ac99890625bb8db03c3b4643915a	2026-09-28	merged	0
task/P111-p110	ea09c5432c643227d33918333208840ee94633a6	2026-09-28	merged	0
task/P112-p112	87911e9c371d11f376e847265794ae3b1afd1870	2026-09-28	merged	0
task/P113-apply	f9748dc53bdcb6f5e98d59aa0aae4dd4c21829a3	2026-09-29	merged	0
task/P114-id-apply	6b6d297bc19181ed850a50fca1ad94664f76b95a	2026-09-28	merged	0
task/P115-36-infra-apply	2de3d577dbdb8677815b8d1a477f9183ebe81ae8	2026-09-29	merged	0
task/P116-id	13bea2b4f7d7cd27d0ed791b836c37c67f05b0bb	2026-09-28	merged	0
task/P117-needs	f9a54faf5cf1ba378649b384ba295afe81f50ffb	2026-09-29	merged	0
task/P118-p118	cc23443bcc0071c588d601cd3ce1ed1e04f09cdf	2026-09-29	merged	0
task/P119-p117	63ecfdcd9112d2f6cd95ec9cefba2ec36a3e5b84	2026-09-29	merged	0
task/P12-apply-pulse-console-b1	0fc8ffa6ff6f39ef687307cf3e8c3dfc355a7b17	2026-09-16	REVIEW	1
task/P120-36⑦-tmpdir-infra-apply	cc23443bcc0071c588d601cd3ce1ed1e04f09cdf	2026-09-29	merged	0
task/P121-propose	fbbfd174c23f3f9b488c6def5c2f972456eda133	2026-09-29	merged	0
task/P122-tmp-hygiene-tmux	f9a54faf5cf1ba378649b384ba295afe81f50ffb	2026-09-29	merged	0
task/P123-apply	9d904fa5a20e9a74e4ad2c7c372413a525a0dc02	2026-09-29	merged	0
task/P124-p124	67011d8b094adff2853fcea4cf4ba6c398f99555	2026-09-29	merged	0
task/P125-p125	23a727d25e077cdd301b1dc481eef38d6dd704d3	2026-09-29	merged	0
task/P126-09-21	ef4d50397a1181ed68769caf93873ac73726b5c1	2026-09-29	merged	0
task/P127-pipefail-grep-q-sigpipe	302e6c3b39f3990b37bdf53087f8d9fddfcd2bd5	2026-09-29	merged	0
task/P128-p128	738416e0404b519d62d7eae6cdce1a252a25b540	2026-09-29	merged	0
task/P129-p127-26	302e6c3b39f3990b37bdf53087f8d9fddfcd2bd5	2026-09-29	merged	0
task/P13-apply-pulse-console-b2	11258c37dd9bf073a5f05883a5ef19c05432723f	2026-09-16	REVIEW	1
task/P130-ci-paths-ignore	ef4d50397a1181ed68769caf93873ac73726b5c1	2026-09-29	merged	0
task/P131-propose	ef4d50397a1181ed68769caf93873ac73726b5c1	2026-09-29	merged	0
task/P132-apply	ef4d50397a1181ed68769caf93873ac73726b5c1	2026-09-29	merged	0
task/P133-p133	ef4d50397a1181ed68769caf93873ac73726b5c1	2026-09-29	merged	0
task/P134-propose	28fd39e60c66f1407add7284521ff2470abcb5b3	2026-09-30	merged	0
task/P135-infra-tidy-close-iproute2-fa	82ecd62e33db5f902cb696aad98952249c859da0	2026-09-30	merged	0
task/P136-propose	49013c43ffea97106ed23541eabb0538c7fff499	2026-09-30	merged	0
task/P137-references	acd484b7ff4f813d61fc58603e928ad413f82a6a	2026-09-30	merged	0
task/P138-cep-team-say	ef4d50397a1181ed68769caf93873ac73726b5c1	2026-09-29	merged	0
task/P139-meeting-liveness-apply	fe4ca3bd128c29a1fac1b934c131024f464aa0b6	2026-10-01	merged	1
task/P14-apply-pulse-console-b3-i18n-	0d8f568dea0a149c5de51b9cbb6912aeb14f36ac	2026-09-17	REVIEW	1
task/P140-dispatch-friction-apply	e631afef0c9a0a609679a9118b1d7179947d016a	2026-10-01	merged	0
task/P141-propose	a404bec8f6ef0984737d96bd6285f3f39458789b	2026-10-01	nothing-main-lacks	0
task/P142-14b-harness	ba0a23d9ad50f466b8877c75e3853d707ed2225e	2026-10-01	merged	0
task/P143-busy-notify-propose	ba0a23d9ad50f466b8877c75e3853d707ed2225e	2026-10-01	merged	0
task/P144-capacity-floor-disk-apply-sc	7afce8068c2efc27580666c0dfa761fb545b9976	2026-10-01	merged	1
task/P145-propose	5cabd877c696f34184b2780fc5b461f257e1e237	2026-10-01	merged	1
task/P146-propose	c034e62c2f8830da447d230ef26698bbca4bef02	2026-10-01	merged	0
task/P147-delivery-truth-apply-notify	aa853c7e28908de8933077434eefc15cf9685f7e	2026-10-01	merged	1
task/P148-product-checkout-gate-apply	a67d086164939ebea15d28ab6f97731cdc1ac68d	2026-10-02	REVIEW	1
task/P149-verify	5cabd877c696f34184b2780fc5b461f257e1e237	2026-10-01	merged	1
task/P15-propose-split-teamsmith-init	eeec8dfa2b52eea8db683484228625e6ac836085	2026-09-17	REVIEW	1
task/P150-apply	a1f29ffa646c826a012def0f3594afdf4d0bf39e	2026-10-02	nothing-main-lacks	0
task/P151-rework	7afce8068c2efc27580666c0dfa761fb545b9976	2026-10-01	merged	1
task/P152-verify	7afce8068c2efc27580666c0dfa761fb545b9976	2026-10-01	merged	1
task/P153-verify	7afce8068c2efc27580666c0dfa761fb545b9976	2026-10-01	merged	1
task/P154-propose	3d328aaf2b623769d487d49397978f863432115b	2026-10-01	merged	1
task/P155-verify	b8537ac003ffee09bc8b5111b1826abb482998b9	2026-10-03	merged	0
task/P156-apply	e3121419deae94f0b6c261172997fd48c439ad79	2026-10-02	merged	1
task/P157-verify	000c833af0ed23add8d254204a1e009685933ff9	2026-10-01	merged	1
task/P158-apply	f2cf3ba5efe553482d823a8f559d2a6acc4847a0	2026-10-03	nothing-main-lacks	0
task/P159-apply	05c6dabca4fa658ef38707af1bd8849a052b0a5c	2026-10-02	merged	1
task/P16-apply-split-teamsmith-init-s	c874a7dfcac4e29b21ac8d39c7379ed077aff0ac	2026-09-18	REVIEW	1
task/P160-rework	15976f6274dfef1fde7d64232b5f536e4525c566	2026-10-02	REVIEW	1
task/P162-apply	f809b82269ac304a1ed30135994cee81dec381ea	2026-10-02	REVIEW	1
task/P163-apply	e3036ba0d7c733fa82aff4947b159ff967670fda	2026-10-02	nothing-main-lacks	0
task/P164-propose	5f13a31f52d8a1c960a2fae7c82b7dc4fbbb9d3e	2026-10-02	REVIEW	1
task/P164-propose-messy	0bd3d59922e747ccbe811c523a20444ae306b550	2026-10-02	REVIEW	1
task/P165-verify	0b5459934f2882b9fd1c94cad5b82ff92a22c029	2026-10-02	merged	1
task/P166-verify	dc4cd8464b3be7aa1823bce115dd1e41f7b8dc4a	2026-10-02	merged	1
task/P167-apply	a0b461bb776ff602eefbd5dd61cad557d4411ec5	2026-10-03	nothing-main-lacks	0
task/P168-apply	084697847868cbc8a83d991eb2ca51938f22ea37	2026-10-02	REVIEW	2
task/P169-rework	d1c0d16a35e4d487f531717fa3b2dfbf974b2816	2026-10-02	REVIEW	1
task/P17-propose-pulse-console-board-	6979e76bfde0722b2cf2312433a8b26cb422d779	2026-09-18	REVIEW	1
task/P170-verify	cf125a5895bf9e9199fa06ba33773c21f0f81d9b	2026-10-02	merged	1
task/P171-apply	1d3b9b0aaf91e4b5b0fba0151c7d3046fe81c8c4	2026-10-02	REVIEW	1
task/P172-propose	5dfd4183127aa7dbd0453197072cec4c3eaf13c7	2026-10-02	REVIEW	2
task/P173-apply	d5a07623d393a0bf16a341e09fe22b66051b2766	2026-10-02	REVIEW	1
task/P174-apply	9218b5a180e09fa411587cf3e9ce7171fe04dbf5	2026-10-02	REVIEW	1
task/P175-verify	859cbb5da17558faf8c252bcb75e0338e18cb0e9	2026-10-02	merged	0
task/P176-apply	6f54f1709df88992990bfa1fa744bf73e1af03c2	2026-10-02	nothing-main-lacks	0
task/P177-verify	bb229cdd66f9bdcd930032433b08f58ffd46e37c	2026-10-02	merged	0
task/P178-verify	d8276e51d151bc8d3415132241363f14031b9d59	2026-10-02	merged	1
task/P179-verify	d8276e51d151bc8d3415132241363f14031b9d59	2026-10-02	merged	1
task/P18-apply-console-board-page-mar	c0ca66912d79b50b3078708dcfe01bff188b037a	2026-09-18	REVIEW	1
task/P18.1-fix-board-changes-specs-deci	9d490314dd9e9ab02c475a2f3aa79c26f501668b	2026-09-18	nothing-main-lacks	0
task/P180-rework	e5a3f6f16d9aa99a01396f276661a734efc0d4df	2026-10-02	REVIEW	1
task/P182-verify	6adc0fa2e119b9182617bc11e3507a9f7aa01123	2026-10-02	merged	0
task/P183-verify	1f20f161d4acfa3ef3b2708296a3c22460be7d4f	2026-10-02	merged	0
task/P184-verify	859cbb5da17558faf8c252bcb75e0338e18cb0e9	2026-10-02	merged	0
task/P185-rework	62547ad11ed7fdae7fc8cc0f06dcf2210ba1beee	2026-10-02	nothing-main-lacks	0
task/P186-verify	06c0013d332e9aa35d8d19390e10577050537129	2026-10-02	merged	0
task/P187-rework	3efcecf9e3feb12baad188ba10a5b72e30d50fca	2026-10-02	nothing-main-lacks	0
task/P188-rework	2b6c59758031b09db8503aaac30318a0b4c62c6b	2026-10-02	nothing-main-lacks	0
task/P189-verify	6adc0fa2e119b9182617bc11e3507a9f7aa01123	2026-10-02	merged	0
task/P19-propose	fa918470b79f0ce8274756b4416bdbbc20168f28	2026-09-19	nothing-main-lacks	0
task/P190-verify	a079c9202a89aebd9dba4ff57473d69a25dd6554	2026-10-03	merged	0
task/P191-verify	20c295335677a142c101c0d5230a1f6ae9f9cb20	2026-10-03	merged	0
task/P192-apply	80d558b93e9b0557104776e6b0e687d63d708abb	2026-10-03	nothing-main-lacks	0
task/P193-apply	3f92031334805beeb468139939099c7d26b561c4	2026-10-03	nothing-main-lacks	0
task/P194-verify	8bd0e9934e38bd741396a60ab8086c62714522fe	2026-10-02	merged	0
task/P195-rework	357d554eeeb88bcb8408d37de22201538d7928f0	2026-10-03	nothing-main-lacks	0
task/P196-verify	f18bcb178b9310f6b46b2455a382848cd51a2dd9	2026-10-03	merged	0
task/P197-rework	82b4bb3a4a0fecae84a3db1ffe2e386642d02404	2026-10-03	nothing-main-lacks	0
task/P198-apply	424c31d7c962c8051af5be75909aa7e692558b55	2026-10-03	merged	0
task/P199-verify	a079c9202a89aebd9dba4ff57473d69a25dd6554	2026-10-03	merged	0
task/P2-apply-spec-delta-gate-c0-che	79336c8e525c82b27645996008e6a14f90f48bb7	2026-09-15	REVIEW	7
task/P2.1-apply-rework-close-v1-findin	e621eefab6744a6f446e11a9e3481e5602c9bbb6	2026-09-15	REVIEW	7
task/P2.2-apply-rework-2-close-f-v2-1-	b05af30576595b7ad5164b99104a5c1e658bd8ac	2026-09-15	REVIEW	7
task/P2.3-apply-rework-3-escaping-syml	de0b884d402c1f682dd484f20f8295923e19f923	2026-09-15	REVIEW	7
task/P2.4-apply-rework-4-close-f-v3-1-	052a6c31ba77cb49f2f06c3a761eed414b45f4e4	2026-09-15	REVIEW	7
task/P2.5-apply-rework-5-contain-walk-	16582a7c49029adf129ccf0f7a3382c3ef6b962f	2026-09-15	REVIEW	7
task/P20-apply-panel-ergonomics	03118a8f9df8bb0927df8e47e85a323e71ea1bd8	2026-09-19	nothing-main-lacks	0
task/P200-apply	c262dda6e8b303a1ce6bd5aee7f33199c8238403	2026-10-03	nothing-main-lacks	0
task/P201-apply	4bc0f6c33a065421ac529adb94ad190261848207	2026-10-03	nothing-main-lacks	0
task/P202-apply	099dab619f53d2f31c9550f61af2c73ecb2a3fbd	2026-10-03	nothing-main-lacks	0
task/P203-verify	a4be673758f815c4f892d36a669f81a19817bfd2	2026-10-03	merged	0
task/P204-propose	a5f12ca04d01069901a761ed9dc75b3ce4a30f9f	2026-10-03	nothing-main-lacks	0
task/P205-apply	d1f0636e9499393bfda68d131f7b8eebf9246675	2026-10-03	nothing-main-lacks	0
task/P206-verify	b4af026f1a208529e0e389c2569842fb973e2783	2026-10-03	merged	0
task/P208-apply	d71721ac8bd260de23e44f7516da399bd43c3403	2026-10-03	nothing-main-lacks	0
task/P209-apply	0360206a1da4ba3008b414ff8c052201896eaf84	2026-10-03	nothing-main-lacks	0
task/P21-propose	a723d824d501ea026fe783e99dfaffbd0044b99d	2026-09-20	nothing-main-lacks	0
task/P210-apply	af905c62cbb9a4f74fc2654bbc120dfd9f17c5ab	2026-10-04	nothing-main-lacks	0
task/P211-apply	2761cd64e736cdb6620fb12f8add5ac81d9226e7	2026-10-04	nothing-main-lacks	0
task/P212-apply	a353189386b81e2c3eb495805d3bbef7865d9f34	2026-10-04	nothing-main-lacks	0
task/P213-verify	c938edc69d438917aabb60f47ed8b0f834d16929	2026-10-04	nothing-main-lacks	0
task/P214-apply	a32099dee4fc5170b6e5bfe8b211d13b7307eaa1	2026-10-04	nothing-main-lacks	0
task/P215-verify	c09c5b6f855f7cb02b1e7095e081a64866bab261	2026-10-04	nothing-main-lacks	0
task/P216-apply	120958a98a2acd48682ebcd2b0bcdaf99996073d	2026-10-04	nothing-main-lacks	0
task/P217-apply	339ce2df93e25fc838909f7b16c039d1290a831e	2026-10-04	nothing-main-lacks	0
task/P218-apply	4411ddd4f92fe9d4bf3a57900ee1ee2a0c50aed5	2026-10-04	nothing-main-lacks	0
task/P219-verify	d86a0478204ef35a15e7aa069508d638204ae806	2026-10-04	nothing-main-lacks	0
task/P22-apply-console-project-settin	5bab9e96bf74319c7cd63c5f6382086dadad6865	2026-09-20	nothing-main-lacks	0
task/P220-verify	0b32762f139da1ddd0584d4b7ac06a84af694a78	2026-10-04	nothing-main-lacks	0
task/P221-verify	685d0077b789d6525bfae013bccd0eec9ca748b0	2026-10-04	nothing-main-lacks	0
task/P222-apply	024b2984d3239008596afa1c55bf3b25a7197b91	2026-10-05	nothing-main-lacks	0
task/P223-apply	615b3b4c55704ea602f1afed5232e9231fbf13ef	2026-10-05	nothing-main-lacks	0
task/P224-verify	cc47d5dc4bff8ed65fe39d7354bc5e356e4037e9	2026-10-05	nothing-main-lacks	0
task/P225-verify	67c744d30f175bd4ef6b4b81ab221f9abaa63f25	2026-10-05	nothing-main-lacks	0
task/P226-apply	3f87db235602dd388eec278d7a0fbe9d8fa2367d	2026-10-05	nothing-main-lacks	0
task/P227-verify	e3bdca279efc198686d128f1c29cce63a28d3016	2026-10-05	nothing-main-lacks	0
task/P23-change-change-b-propose	fbe8b7272f5b5b12f3feab2c9b107bb8862339d7	2026-09-20	nothing-main-lacks	0
task/P24-change-apply-b1-b3-b7-b2-m48	bca7e55aa6a0184e0268a548f703aa04cf788e50	2026-09-20	nothing-main-lacks	0
task/P25-propose	d23d381856a1ba9d60c87e7ef2d032ad00afab1c	2026-09-20	nothing-main-lacks	0
task/P26-propose	af6303235bae8d3c7cafca8515a0f17eca152e2c	2026-09-20	nothing-main-lacks	0
task/P27-apply	d2380bf9b0bc18246ef8be24b97347f14eabf59d	2026-09-20	nothing-main-lacks	0
task/P28-apply-offset	69add8b3346f67d6d653b864bb1b7f0e5ed2b324	2026-09-20	nothing-main-lacks	0
task/P29-propose	7c6675f3765a34003e22649d165f64f2ebe8ca58	2026-09-22	nothing-main-lacks	0
task/P3-propose-launch-and-adapter-e	4ffc6b4d53364e6d05e75ba74c456a173d7218e6	2026-09-15	REVIEW	3
task/P30-apply-10-group-class	52bac2d7aabf48b3ad58262b8f770639bb211139	2026-09-22	nothing-main-lacks	0
task/P31-tone	c040fb3487b860f1498b8d802ca4ed7249045368	2026-09-22	merged	0
task/P32-p32	d7c3f34375a900568a615f70a6fc028173abcce5	2026-09-22	nothing-main-lacks	0
task/P33-team-bg-run	0e5acdc765795abde78b5a94f7a8d21daa23be67	2026-09-22	nothing-main-lacks	0
task/P34-scope-pi-only-init-propose	bed9d7bfdedfc7e0b936a988b05065c35c9bd582	2026-09-22	nothing-main-lacks	0
task/P35-readme-pin	9cead8a8cc70bb1b17c2fcfea20fb71a21448d07	2026-09-22	nothing-main-lacks	0
task/P36-pm-fresh-pm-init-cwd	c3f16b03159fcf602197092a6947a14c2ea498e0	2026-09-22	nothing-main-lacks	0
task/P37-openspec-npm-cli-init-skill-	7ac7208aeca4011ae24619ca6c1fb03c850c0701	2026-09-22	nothing-main-lacks	0
task/P38-dispatch-apply-verify-propos	e112b26fe1a9fa9923d1e552ada37e08e7e13de1	2026-09-22	nothing-main-lacks	0
task/P39-pi-only-scope-apply-pi-only-	b9374da4d0fdcd234774bc8ee149bde7fdf71589	2026-09-22	nothing-main-lacks	0
task/P4-apply-launch-and-adapter-evi	597362ce9f21dd4caf276cd4cfcb01b0da60fdd3	2026-09-15	REVIEW	3
task/P40-npm-cli-team-init-pi-skills-	07a452f7619376cbbf82812da07870486482891b	2026-09-22	nothing-main-lacks	0
task/P41-pi-only-scope	a026f27adaee99d3a099a38052da34653f952f27	2026-09-22	merged	0
task/P42-settings-view-groups-p32	116228eff6702e9dc42f4715a234c490f73c64b9	2026-09-22	merged	0
task/P43-json-override-propose	64adde6acb6f85ed667743db26479010fe7c0f36	2026-09-22	nothing-main-lacks	0
task/P44-pty-propose	022b72bec235a9064d949f587517078bdbe90430	2026-09-22	nothing-main-lacks	0
task/P45-change-centric-discipline-b2	e2b1014f32b6b4009dead88debf95305a552b9da	2026-09-22	nothing-main-lacks	0
task/P46-propose	5a8344b14f15a4049baaee99e9f43cbc1d3a9cb3	2026-09-22	nothing-main-lacks	0
task/P46-roster	9756d046ae9c98d2c43ef9f3e19d561b667fa8d0	2026-09-22	merged	0
task/P47-ledger-and-gate-noise-apply-	1733f7794e25310c8eec38c8b9aa687693c0278f	2026-09-22	nothing-main-lacks	0
task/P48-pty-apply	c024d03f8ea436a3d9c47f682fc520811c0f71cd	2026-09-22	nothing-main-lacks	0
task/P49-pane-propose	1f68e4969c6fd3ff3602e8b1200ea1d44660571f	2026-09-22	nothing-main-lacks	0
task/P5-propose-deferred-delivery-an	81e0bfa66c5d236d3aefbcc3cd5405fdd567d31d	2026-09-15	REVIEW	4
task/P50-tmp-propose	8a20604f10ba5b798682f14146d1813c55bdf584	2026-09-22	nothing-main-lacks	0
task/P51-npm	fff7a6fb5ee28a52342843de599d268068e675b6	2026-09-22	merged	0
task/P52-pty	fff7a6fb5ee28a52342843de599d268068e675b6	2026-09-22	merged	0
task/P53-test-tmp-hygiene-apply-sweep	f9268dd76aa9edc14e70dda8b3cecd6cd2c8a604	2026-09-22	nothing-main-lacks	0
task/P54-ledger-and-gate-noise	bcf3602455d983e79208c48209acc1486e5ffb39	2026-09-22	merged	0
task/P55-agent-pane-survivability-app	29cf1224c5576f08562da2ab379f5e6ffecf389f	2026-09-22	nothing-main-lacks	0
task/P56-propose	94d41b176e549c2f2950815da800da1ba53258fa	2026-09-22	nothing-main-lacks	0
task/P57-propose	b90bf537a44a016b7a13038896c93a8637d4030f	2026-09-22	nothing-main-lacks	0
task/P58-f1-pm-r5	a9fd9b322ec08fc873e22338f4a99b050e436671	2026-09-22	nothing-main-lacks	0
task/P59-trust-prompt-apply	da6d5949bb4af8d205deb83d20ddf9f2560e85a7	2026-09-22	nothing-main-lacks	0
task/P6-apply-deferred-delivery-and-	2d917bc9d7de47bc3c4242fc315b6f3fcf77f39b	2026-09-16	REVIEW	3
task/P60-test-tmp-hygiene	5d483c2181744126c98f44e04f8cd36e407dc8d7	2026-09-22	merged	0
task/P61-trust-prompt	36313bf5a83e4fcd058487bb8b36b2704263d5dc	2026-09-22	merged	0
task/P62-propose	6595e73de29e07228e6d44315fbbbc10e4a431a4	2026-09-22	nothing-main-lacks	0
task/P63-propose	cdf394687d13b21c842eddc78ef922b7c08d14e5	2026-09-22	nothing-main-lacks	0
task/P64-container-tmux	b4447064f0493f3ab031e7a64543feb17d904841	2026-09-22	nothing-main-lacks	0
task/P65-agent-pane	16e09b11eb1f37ba755b59c0cd437809500593f2	2026-09-22	merged	0
task/P66-p66	bd782d13eddbbab07c82707a306d2fca9f8d9a18	2026-09-23	nothing-main-lacks	0
task/P67-apply	927b6723fc31defab09e8928b0c21b32f1cf740b	2026-09-22	nothing-main-lacks	0
task/P68-apply-ci	6b06daa405a8857b77b7a96a2f8d63218dcd7baa	2026-09-22	nothing-main-lacks	0
task/P69-change-centric	16e09b11eb1f37ba755b59c0cd437809500593f2	2026-09-22	merged	0
task/P7-propose-rename-watchdog-to-p	81a1f6d5697cb40ebb8ca498bd4131f9429316f0	2026-09-15	REVIEW	3
task/P70-apply	df54adf8dac5c7f272f3dc02ae52441dd2d833e7	2026-09-28	merged	0
task/P71-propose	27bd4e774717894bbfc24ba42ec5ff7af1fc4d3c	2026-09-22	nothing-main-lacks	0
task/P72-notify-sender-pm-propose	28fa4c9ce8f853751f52179e9a146b0c32f6fab2	2026-09-22	nothing-main-lacks	0
task/P73-apply	576f7ed36b08c80b61a10a2c96cc2b39cf658975	2026-09-22	nothing-main-lacks	0
task/P73-propose	f505ebfc760494ed166e1fbd23721f07e7094522	2026-09-22	merged	0
task/P74-p74	293a04ec95491ef11cb1aea66c88974fdacc54a2	2026-09-22	merged	0
task/P75-p75	70ad4cac8b94106ca3aa027ff58ba49d69380a10	2026-09-22	nothing-main-lacks	0
task/P76-p76	67f918a940ab83eec6abc6d6cea43537171af98c	2026-09-22	nothing-main-lacks	0
task/P77-apply	af56070cbc4edb512216bab6eab4a8646a1922a3	2026-09-22	nothing-main-lacks	0
task/P78-propose	4b2d0778b5c4e5fb12de4f24d5a41bec1441fb42	2026-09-22	nothing-main-lacks	0
task/P79-digest	afd5038e80abbc975bd00c5e806f4fb02a4a786f	2026-09-22	nothing-main-lacks	0
task/P8-apply-rename-watchdog-pulse-	e34b30ba153c28592f894e271ad8135d0a1c4d60	2026-09-16	REVIEW	1
task/P80-apply	69a2d6dbe89b26e595dd148da5c49a2217c56cb9	2026-09-22	nothing-main-lacks	0
task/P81-apply	8e70f9153e9c5ec39f25e73c2c892d66a1e3e800	2026-09-22	nothing-main-lacks	0
task/P82-sender-apply	f8ae5f504cd0fd57f90f3bc8bd73d819199390d0	2026-09-22	nothing-main-lacks	0
task/P83-p83	0fa0df0d4895466f8187fb7c48a201e82edf9307	2026-09-22	merged	0
task/P84-p84	0fa0df0d4895466f8187fb7c48a201e82edf9307	2026-09-22	merged	0
task/P85-p85	0fa0df0d4895466f8187fb7c48a201e82edf9307	2026-09-22	merged	0
task/P87-bg	56c1009d3ca664129bcf001f31fba6e36fbb5f65	2026-09-22	nothing-main-lacks	0
task/P88-infra-p75-p79	ca6205cdc4397d2c5781b5a552ecb24aae61769e	2026-09-22	merged	0
task/P89-p89	d378ec153cea4ecbd3c67e282bb8e522f8c8b9b6	2026-09-22	nothing-main-lacks	0
task/P9-propose-pulse-tui-panel-ink-	bc1ba562cd0db18cea50a477fa3d191a9dd3303b	2026-09-15	REVIEW	3
task/P90-p90	70bbf5ceb3d52ebb9b434965a4e894442616ce06	2026-09-22	merged	0
task/P91-d49	4dd829675e39d7bc7049219990e612c4f0c36024	2026-09-23	nothing-main-lacks	0
task/P92-p92	4aba997b09c4e1dfa23778ba7219e0b925eed81c	2026-09-22	merged	0
task/P93-sender	4aba997b09c4e1dfa23778ba7219e0b925eed81c	2026-09-22	merged	0
task/P94-scene-lines-0	54b2977b78501a63fb61e51aec5b1bbf6e47b24d	2026-09-23	nothing-main-lacks	0
task/P95-post-merge	1d5df048909e8c1bece6f65d767cde6809fc1344	2026-09-28	nothing-main-lacks	0
task/P96-p96	cb401502cb7e9f3a6044c483e90edadf00fa3141	2026-09-23	merged	0
task/P97-propose	180ea327997540c17b0f95a52139f9e05dfff2e0	2026-09-23	nothing-main-lacks	0
task/P98-apply	ffe9346e3574ac99890625bb8db03c3b4643915a	2026-09-28	merged	0
task/P99-apply	5a25d4188230bd30a8c04543acba6eea64db1bc5	2026-09-28	merged	0
task/T1.1-smoke-fast	0c9064f32e56e2729e20344547e75cea31c09c39	2026-09-14	REVIEW	29
task/V1-verify-spec-delta-gate-diffe	da7657a13c244d8d9c50e1ae41b6c39978d3a455	2026-09-15	merged	3
task/V1.1-review-dir	22a0d277d0b7ebe0637bf5bdac8b4d89e074c28b	2026-09-14	merged	29
task/V10-verify	85af4cae6aa739add4c4b8363864bd22c1b540d8	2026-09-16	merged	2
task/V15-verify-pulse-console	6654dd1249c7128b8016b5757ffc99dc0b157698	2026-09-16	merged	1
task/V16-verify-pulse-console-0-bad	385a9218f30f905db4c492c726c1245c3f127cfe	2026-09-17	merged	1
task/V16.1-flip-m21-bundle	d7e4d8b505fec8714a1c0afd4cc7eaf98a97d8fc	2026-09-17	merged	1
task/V17-verify-split-teamsmith-init-	85b9d6250922b6234b15cc260679bc50eef09a0c	2026-09-18	merged	1
task/V18-verify-console-board-page-p1	7c723c420b198ebfbf1ecb3093469e2497aa6ac5	2026-09-18	merged	0
task/V2-re-verify-spec-delta-gate-af	834810c2137da77049ef4697b54c4c6771cada7a	2026-09-15	merged	3
task/V3-re-verify-spec-delta-gate-af	82dc18c8854fa3b70b0555f92f53ecd726c42b40	2026-09-15	merged	3
task/V3.0-adapter-verification	c48e64525ea7ef3b914d024b1dfeb0d8e2e8e2b7	2026-09-14	merged	2
task/V4-final-verify-spec-delta-gate	82b05742d17bf6bc595559795438a1e38bb4fadb	2026-09-15	merged	3
task/V4.0-core-lifecycle	97ed2cdaf5dd2d0a4222a40bb5108da749a57056	2026-09-14	merged	2
task/V5-final-verify-spec-delta-gate	c664fc31c561733bb37766b5c4a6e2e8e8278b1c	2026-09-15	merged	3
task/V6-verify-launch-and-adapter-ev	a29e40bf55817a6acda5f57a689238c57c9ab3a7	2026-09-15	merged	3
task/V7-verify-deferred-delivery-and	d840828f21e812d2a524bbd1ed936c87c43b9f15	2026-09-15	merged	3
task/V8-verify-p6-rework-finding-f3b	d840828f21e812d2a524bbd1ed936c87c43b9f15	2026-09-15	merged	3
task/V9-verify-p6-rework-2-n1-pi	d840828f21e812d2a524bbd1ed936c87c43b9f15	2026-09-15	merged	3
